-- phpMyAdmin SQL Dump
-- version 4.9.11
-- https://www.phpmyadmin.net/
--
-- Host: localhost:3306
-- Generation Time: Apr 04, 2023 at 04:01 PM
-- Server version: 5.7.41
-- PHP Version: 7.4.33

SET SQL_MODE = "NO_AUTO_VALUE_ON_ZERO";
SET AUTOCOMMIT = 0;
START TRANSACTION;
SET time_zone = "+00:00";


/*!40101 SET @OLD_CHARACTER_SET_CLIENT=@@CHARACTER_SET_CLIENT */;
/*!40101 SET @OLD_CHARACTER_SET_RESULTS=@@CHARACTER_SET_RESULTS */;
/*!40101 SET @OLD_COLLATION_CONNECTION=@@COLLATION_CONNECTION */;
/*!40101 SET NAMES utf8mb4 */;

--
-- Database: `jw1448_jwTrainingDatabase`
--

-- --------------------------------------------------------

--
-- Table structure for table `articles`
--

CREATE TABLE `articles` (
  `articleId` int(11) NOT NULL,
  `title` varchar(255) NOT NULL,
  `description` varchar(500) NOT NULL,
  `tags` varchar(255) DEFAULT NULL,
  `video_link` varchar(255) DEFAULT NULL,
  `main_content` text NOT NULL,
  `quiz_content` text
) ENGINE=MyISAM DEFAULT CHARSET=latin1;

--
-- Dumping data for table `articles`
--

INSERT INTO `articles` (`articleId`, `title`, `description`, `tags`, `video_link`, `main_content`, `quiz_content`) VALUES
(1, 'A Beginner\'s Guide to Learning SQL', 'SQL, or Structured Query Language, is a programming language used to manage and manipulate relational databases. In this article, we\'ll cover the basics of SQL, including its syntax, data types, and common commands.', 'SQL, Databases, Programming', 'HXV3zeQKqGY', 'Introduction:\r\nSQL stands for Structured Query Language, which is a domain-specific language used to manage and manipulate relational databases. SQL is used by developers, data analysts, and other professionals who work with databases. SQL is a powerful tool for working with data and can be used to extract useful insights and information from large datasets.\r\n\r\nSyntax:\r\nSQL has a simple syntax that is easy to learn. SQL statements are usually written as a series of commands that are executed in sequence. Some common SQL commands include SELECT, INSERT, UPDATE, and DELETE. The syntax for each command is different, but they all follow a similar structure.\r\n\r\nData Types:\r\nSQL supports a variety of data types, including strings, numbers, and dates. Each data type has its own set of rules and functions that can be used to manipulate the data. It\'s important to choose the right data type for your database to ensure that your data is accurate and easy to work with.\r\n\r\nCommon Commands:\r\nSQL has many commands that are used to manipulate and manage data. Some of the most common commands include SELECT, which is used to extract data from a table, and INSERT, which is used to add data to a table. Other common commands include UPDATE, which is used to modify existing data, and DELETE, which is used to remove data from a table.\r\n\r\nConclusion:\r\nSQL is a powerful tool for working with data and is widely used in the technology industry. Whether you\'re a developer, data analyst, or just starting out, learning SQL can help you better understand and work with data. With its simple syntax and wide range of commands, SQL is a great language to learn for anyone interested in data and databases.', '[\r\n  {\r\n    \"question\": \"What does SQL stand for?\",\r\n    \"answers\": [\r\n      \"Structured Query Language\",\r\n      \"Sequential Query Language\",\r\n      \"Structured Question Language\",\r\n      \"Sequential Question Language\"\r\n    ],\r\n    \"correctAnswerIndex\": 0\r\n  },\r\n  {\r\n    \"question\": \"What is the purpose of SQL?\",\r\n    \"answers\": [\r\n      \"To manage and manipulate non-relational databases\",\r\n      \"To create and manage web applications\",\r\n      \"To create and manage mobile applications\",\r\n      \"To manage and manipulate relational databases\"\r\n      ],\r\n      \"correctAnswerIndex\": 3\r\n  },\r\n  {\r\n    \"question\": \"Which SQL command is used to add data to a table?\",\r\n    \"answers\": [\r\n      \"SELECT\",\r\n      \"INSERT\",\r\n      \"UPDATE\",\r\n      \"DELETE\"\r\n    ],\r\n    \"correctAnswerIndex\": 1\r\n  },\r\n  {\r\n    \"question\": \"What is a primary key in a database table?\",\r\n    \"answers\": [\r\n      \"A column that contains unique values and is used to identify each row in the table\",\r\n      \"A column that contains values that can be repeated and is used to group rows in the table\",\r\n      \"A column that contains the current date and time for each row in the table\",\r\n      \"A column that contains a list of options for each row in the table\"\r\n    ],\r\n    \"correctAnswerIndex\": 0\r\n  },\r\n  {\r\n    \"question\": \"What is a JOIN statement used for in SQL?\",\r\n    \"answers\": [\r\n      \"To combine data from multiple tables based on a related column\",\r\n      \"To filter data based on a specific condition\",\r\n      \"To insert new data into a table\",\r\n      \"To update existing data in a table\"\r\n    ],\r\n    \"correctAnswerIndex\": 0\r\n  }\r\n]'),
(2, 'Understanding the Difference Between Dynamic and Statically Typed Programming Languages', 'When it comes to programming languages, there are two main types: dynamic and statically typed. In this article, we\'ll explore the differences between these two types of languages, including their advantages and disadvantages.', 'Programming', 'bCIFTWQorL0', 'Programming languages can be classified into two main types: statically typed and dynamically typed. Each type has its own unique features, advantages, and disadvantages. In this article, we will explore the differences between the two types and the pros and cons of each.\r\n\r\nStatically typed languages require programmers to declare the data type of a variable before it can be used. This means that the data type of a variable is known at compile-time, and the compiler can check for type errors before the program runs. If a programmer attempts to assign a value of the wrong type to a variable, the compiler will generate an error message.\r\n\r\nExamples of statically typed languages include Java, C, C++, and Haskell. In Java, for instance, you would declare a variable with its type like this:\r\n\r\nint x = 10;\r\n\r\nThe int keyword tells the compiler that x is an integer.\r\n\r\nOne of the main advantages of static typing is that it catches type errors at compile-time, before the program runs. This can save a lot of time and effort in debugging, as the programmer can catch and fix errors early on.\r\n\r\nStatic typing also makes code easier to read and understand, as it provides a clear indication of what data types are being used. This can be especially useful for large codebases, where it can be difficult to keep track of all the variables being used.\r\n\r\nOne disadvantage of static typing is that it can be more verbose and time-consuming than dynamically typed languages. In a statically typed language, the programmer has to declare the data type of every variable, which can be a lot of extra work. This can also make the code harder to read and understand for beginners.\r\n\r\nAnother disadvantage of static typing is that it can be more restrictive than dynamically typed languages. Once a variable is declared with a certain data type, it can only hold values of that type. This can make it more difficult to write code that is flexible and adaptable to different use cases.\r\n\r\nDynamically typed languages, on the other hand, do not require programmers to declare the data type of a variable before it can be used. Instead, the data type of a variable is determined at runtime, when the program is executed. This means that a variable can hold values of different types at different times during the execution of a program.\r\n\r\nExamples of dynamically typed languages include Python, Ruby, JavaScript, and PHP. In Python, for example, you can declare a variable like this:\r\n\r\nx = 10\r\n\r\nThe interpreter will automatically determine that x is an integer.\r\n\r\nOne advantage of dynamic typing is that it can be more concise and faster to write than statically typed languages. Because the programmer does not have to declare the data type of every variable, they can write code more quickly and with fewer lines of code. This can be especially useful for small projects or prototyping.\r\n\r\nAnother advantage of dynamic typing is that it can be more flexible than statically typed languages. Because variables can hold values of different types at different times, it is easier to write code that can adapt to different use cases.\r\n\r\nOne disadvantage of dynamic typing is that it can be more error-prone than statically typed languages. Because the data type of a variable is not known until runtime, it is possible for a programmer to assign a value of the wrong type to a variable without generating an error message. This can lead to hard-to-find bugs and errors.\r\n\r\nDynamic typing can also make code harder to read and understand, especially for larger codebases. Because the data type of a variable is not declared, it can be difficult to keep track of what types of data are being used in the', '[\r\n{\r\n\"question\": \"What is a disadvantage of dynamic typing?\",\r\n\"answers\": [\r\n\"It can lead to errors and can be harder to debug\",\r\n\"It can make code less efficient\",\r\n\"It can limit the flexibility of the code\",\r\n\"It can make it harder to write code quickly\"\r\n],\r\n\"correctAnswerIndex\": 0\r\n},\r\n{\r\n\"question\": \"What is an advantage of statically typed programming languages?\",\r\n\"answers\": [\r\n\"They can catch errors at compile time\",\r\n\"They allow for more flexibility\",\r\n\"They can make code easier to debug\",\r\n\"They can make it easier to write code quickly\"\r\n],\r\n\"correctAnswerIndex\": 0\r\n},\r\n{\r\n\"question\": \"Which programming language type makes it easier to catch errors at compile time?\",\r\n\"answers\": [\r\n\"Statically typed programming languages\",\r\n\"Dynamically typed programming languages\",\r\n\"Both types of programming languages\",\r\n\"Neither type of programming language\"\r\n],\r\n\"correctAnswerIndex\": 0\r\n},\r\n{\r\n\"question\": \"What is a disadvantage of statically typed programming languages?\",\r\n\"answers\": [\r\n\"They can make it harder to write code quickly\",\r\n\"They can lead to more errors\",\r\n\"They can be less efficient than dynamically typed languages\",\r\n\"They can be more difficult to learn\"\r\n],\r\n\"correctAnswerIndex\": 0\r\n}\r\n]'),
(3, 'Test Title 3', 'Lorem ipsum dolor sit amet, consectetur adipiscing elit. Donec malesuada turpis vitae malesuada laoreet. Donec bibendum vehicula ultricies. Aenean vel ultricies lorem.', 'Science', 'hzGmbwS_Drs', 'Lorem ipsum dolor sit amet, consectetur adipiscing elit. Donec malesuada turpis vitae malesuada laoreet. Donec bibendum vehicula ultricies. Aenean vel ultricies lorem. Morbi porttitor neque vitae auctor mattis. Nulla maximus libero at nibh condimentum porta. Fusce at tellus ullamcorper, egestas justo id, eleifend elit. Proin varius nisl felis, a cursus orci condimentum ac. Nam et diam maximus, blandit quam a, pellentesque purus.\r\n\r\nLorem ipsum dolor sit amet, consectetur adipiscing elit. Donec malesuada turpis vitae malesuada laoreet. Donec bibendum vehicula ultricies. Aenean vel ultricies lorem. Morbi porttitor neque vitae auctor mattis. Nulla maximus libero at nibh condimentum porta. Fusce at tellus ullamcorper, egestas justo id, eleifend elit. Proin varius nisl felis, a cursus orci condimentum ac. Nam et diam maximus, blandit quam a, pellentesque purus.\r\n\r\nLorem ipsum dolor sit amet, consectetur adipiscing elit. Donec malesuada turpis vitae malesuada laoreet. Donec bibendum vehicula ultricies. Aenean vel ultricies lorem. Morbi porttitor neque vitae auctor mattis. Nulla maximus libero at nibh condimentum porta. Fusce at tellus ullamcorper, egestas justo id, eleifend elit. Proin varius nisl felis, a cursus orci condimentum ac. Nam et diam maximus, blandit quam a, pellentesque purus.', '[\r\n  {\r\n    \"question\": \"What is the smallest unit of life?\",\r\n    \"answers\": [\r\n      \"Atom\",\r\n      \"Molecule\",\r\n      \"Cell\",\r\n      \"Organism\"\r\n    ],\r\n    \"correctAnswerIndex\": 2\r\n  },\r\n  {\r\n    \"question\": \"What is the largest organ in the human body?\",\r\n    \"answers\": [\r\n      \"Heart\",\r\n      \"Brain\",\r\n      \"Skin\",\r\n      \"Liver\"\r\n    ],\r\n    \"correctAnswerIndex\": 2\r\n  },\r\n  {\r\n    \"question\": \"What is the formula for water?\",\r\n    \"answers\": [\r\n      \"CO2\",\r\n      \"H2O\",\r\n      \"NaCl\",\r\n      \"NH3\"\r\n    ],\r\n    \"correctAnswerIndex\": 1\r\n  }\r\n]\r\n'),
(4, 'Test Title 4', 'Morbi porttitor neque vitae auctor mattis. Nulla maximus libero at nibh condimentum porta. Fusce at tellus ullamcorper, egestas justo id.', 'Computer Literacy', 'v_oZ9Pe0yRg', 'Lorem ipsum dolor sit amet, consectetur adipiscing elit. Donec malesuada turpis vitae malesuada laoreet. Donec bibendum vehicula ultricies. Aenean vel ultricies lorem. Morbi porttitor neque vitae auctor mattis. Nulla maximus libero at nibh condimentum porta. Fusce at tellus ullamcorper, egestas justo id, eleifend elit. Proin varius nisl felis, a cursus orci condimentum ac. Nam et diam maximus, blandit quam a, pellentesque purus.\r\n\r\nLorem ipsum dolor sit amet, consectetur adipiscing elit. Donec malesuada turpis vitae malesuada laoreet. Donec bibendum vehicula ultricies. Aenean vel ultricies lorem. Morbi porttitor neque vitae auctor mattis. Nulla maximus libero at nibh condimentum porta. Fusce at tellus ullamcorper, egestas justo id, eleifend elit. Proin varius nisl felis, a cursus orci condimentum ac. Nam et diam maximus, blandit quam a, pellentesque purus.', '[\r\n  {\r\n    \"question\": \"Who directed the movie \'Jaws\'?\",\r\n    \"answers\": [\r\n      \"Steven Spielberg\",\r\n      \"Martin Scorsese\",\r\n      \"Alfred Hitchcock\",\r\n      \"Quentin Tarantino\"\r\n    ],\r\n    \"correctAnswerIndex\": 0\r\n  },\r\n  {\r\n    \"question\": \"Which movie won the Best Picture at the 2020 Oscars?\",\r\n    \"answers\": [\r\n      \"The Irishman\",\r\n      \"Marriage Story\",\r\n      \"Parasite\",\r\n      \"Joker\"\r\n    ],\r\n    \"correctAnswerIndex\": 2\r\n  },\r\n  {\r\n    \"question\": \"Who played the role of Tony Stark in the Marvel Cinematic Universe?\",\r\n    \"answers\": [\r\n      \"Robert Downey Jr.\",\r\n      \"Chris Evans\",\r\n      \"Tom Holland\",\r\n      \"Mark Ruffalo\"\r\n    ],\r\n    \"correctAnswerIndex\": 0\r\n  }\r\n]\r\n'),
(5, 'Test Title 5', 'Quisque pellentesque auctor laoreet. Vestibulum ante ipsum primis in faucibus orci luctus et ultrices posuere cubilia curae; Nunc mollis maximus orci congue venenatis. Maecenas vel lorem urna. ', 'Computer Literacy', 'v_oZ9Pe0yRg', 'Lorem ipsum dolor sit amet, consectetur adipiscing elit. Vestibulum ut libero tellus. Fusce sit amet facilisis lectus. Pellentesque habitant morbi tristique senectus et netus et malesuada fames ac turpis egestas. Phasellus in turpis sodales, venenatis est a, gravida quam. Praesent fermentum, metus et tempus vehicula, tortor quam tincidunt massa, a gravida urna magna vitae ipsum. Curabitur ultrices mauris id vehicula consectetur. Etiam molestie nunc enim, id gravida erat vehicula eget. Suspendisse ornare fringilla augue, vitae lobortis erat fermentum vitae. Interdum et malesuada fames ac ante ipsum primis in faucibus. Phasellus viverra iaculis massa et condimentum. Curabitur quis pulvinar mi, a commodo elit. Ut sit amet cursus quam. Suspendisse nec ipsum non mi aliquam scelerisque. Aenean lacinia euismod urna, sed hendrerit augue tempor sed. Mauris elit sapien, commodo sit amet quam sit amet, eleifend dictum eros. Aliquam id purus vitae ligula aliquam fringilla.\r\n\r\nMorbi maximus, quam et rutrum dapibus, elit neque congue lectus, vel varius ipsum lacus non ante. Quisque sit amet fringilla quam. Integer elit nisl, mattis vel sollicitudin quis, feugiat nec lectus. Integer lacinia lacus orci, non auctor dui elementum a. Fusce porta laoreet velit nec tincidunt. Nulla ultrices sapien sit amet ex ullamcorper, at aliquam libero condimentum. Vivamus lobortis, eros non auctor scelerisque, dui ex finibus ante, ut iaculis augue justo sit amet nisl. Phasellus sollicitudin sit amet nunc sit amet laoreet. Vivamus gravida et ante sit amet feugiat. Ut a facilisis orci. Sed scelerisque ullamcorper finibus. Suspendisse eget pulvinar libero. Nulla facilisi. Nullam a maximus turpis. Proin ac tortor orci.\r\n\r\nQuisque pellentesque auctor laoreet. Vestibulum ante ipsum primis in faucibus orci luctus et ultrices posuere cubilia curae; Nunc mollis maximus orci congue venenatis. Maecenas vel lorem urna. Integer finibus nibh ut justo sodales, ac egestas lorem tempor. Proin condimentum ex vel arcu varius congue sit amet vel quam. Aliquam erat volutpat. In mattis ligula eu libero lacinia, a scelerisque nisl convallis. Pellentesque habitant morbi tristique senectus et netus et malesuada fames ac turpis egestas. Morbi id lacinia felis.\r\n\r\nIn hac habitasse platea dictumst. Aenean nec scelerisque ipsum. Vivamus turpis velit, facilisis vitae nulla eget, efficitur varius eros. Sed ultricies nisl at scelerisque scelerisque. Vivamus ipsum mi, consectetur nec vulputate vel, pellentesque sit amet risus. Morbi vel feugiat felis. Sed aliquam purus nulla, sed efficitur eros aliquam vitae. Morbi non luctus urna, et pellentesque quam. Duis porttitor commodo sapien in viverra. Pellentesque habitant morbi tristique senectus et netus et malesuada fames ac turpis egestas. Ut vehicula lectus at massa lobortis, in euismod ante pulvinar. Aliquam nec erat arcu. Ut rutrum velit ut ligula convallis, ac vehicula metus sagittis.\r\n\r\nCurabitur pretium auctor nulla et elementum. Maecenas pretium posuere mauris, et tempor ex condimentum et. Nullam quam augue, consectetur nec tortor non, condimentum molestie odio. Vestibulum euismod lorem nunc, lacinia lobortis est rhoncus id. Mauris dapibus eget magna quis pellentesque. Curabitur vel ullamcorper neque. Donec lobortis sapien sed urna semper, a aliquam sapien consequat. Donec finibus massa ut mauris aliquam ultrices. Mauris porta mattis pretium. Nulla molestie congue nibh vitae ornare. In hac habitasse platea dictumst. Quisque malesuada ligula vitae leo faucibus, eu aliquet nunc mollis.', '[\r\n  {\r\n    \"question\": \"Who directed the movie \'Jaws\'?\",\r\n    \"answers\": [\r\n      \"Steven Spielberg\",\r\n      \"Martin Scorsese\",\r\n      \"Alfred Hitchcock\",\r\n      \"Quentin Tarantino\"\r\n    ],\r\n    \"correctAnswerIndex\": 0\r\n  },\r\n  {\r\n    \"question\": \"Which movie won the Best Picture at the 2020 Oscars?\",\r\n    \"answers\": [\r\n      \"The Irishman\",\r\n      \"Marriage Story\",\r\n      \"Parasite\",\r\n      \"Joker\"\r\n    ],\r\n    \"correctAnswerIndex\": 2\r\n  },\r\n  {\r\n    \"question\": \"Who played the role of Tony Stark in the Marvel Cinematic Universe?\",\r\n    \"answers\": [\r\n      \"Robert Downey Jr.\",\r\n      \"Chris Evans\",\r\n      \"Tom Holland\",\r\n      \"Mark Ruffalo\"\r\n    ],\r\n    \"correctAnswerIndex\": 0\r\n  }\r\n]\r\n'),
(6, 'Test Title 6', 'Nam quam lectus, venenatis et eros in, consectetur efficitur massa. Duis blandit sapien sit amet ligula accumsan, a vestibulum mauris molestie.', 'Computer Literacy, IT, Educational', 'v_oZ9Pe0yRg', 'Nam quam lectus, venenatis et eros in, consectetur efficitur massa. Duis blandit sapien sit amet ligula accumsan, a vestibulum mauris molestie. Proin augue mauris, tristique non justo at, scelerisque tincidunt purus. Sed sit amet metus eget augue euismod consectetur. Nullam eu ex vel orci volutpat vulputate. Aenean tristique urna id ante commodo pharetra. Phasellus semper finibus mi vitae pharetra. Fusce mauris risus, pellentesque at posuere vel, aliquam sagittis lorem. Integer et sapien nunc. Quisque purus est, scelerisque nec volutpat et, porta ut enim. Phasellus finibus dapibus dolor, at mattis nibh ultrices commodo. Duis in felis lorem. Pellentesque orci justo, lacinia in auctor at, commodo ut elit. Donec luctus leo sit amet ante facilisis, at dictum nulla posuere.\r\n\r\nVestibulum ut posuere eros. Nunc odio lorem, fringilla vel orci eu, accumsan condimentum nisl. Duis bibendum egestas risus, nec faucibus orci ullamcorper et. Nunc tempor a eros sed consectetur. Fusce sagittis eros nec nibh tincidunt posuere. Mauris laoreet euismod mauris. Integer ut ante et enim malesuada interdum in quis eros. Integer id imperdiet sapien. Phasellus sed nulla et dui aliquam auctor. Quisque eget turpis mattis, viverra lectus eu, mattis ante. Morbi quam nisl, bibendum sit amet tellus vitae, vehicula mattis nisi. Quisque ullamcorper varius lorem, sollicitudin euismod ante tincidunt at. Integer eu dolor in mauris cursus laoreet. Duis at erat fringilla, tempus augue eget, efficitur elit. Integer velit mi, luctus ac dapibus ac, rhoncus eget purus.\r\n\r\nVivamus auctor ultricies libero, tristique gravida diam. Curabitur quis aliquet est. Nunc in libero tincidunt, semper dolor at, imperdiet mauris. Cras porttitor imperdiet luctus. In sed turpis ornare leo fringilla efficitur. Etiam tincidunt sagittis libero, sit amet elementum ipsum tempor ac. In hac habitasse platea dictumst. Vivamus maximus magna in arcu ullamcorper, et porttitor arcu placerat. Integer auctor dictum metus et pellentesque.\r\n\r\nVivamus rhoncus, velit eu efficitur interdum, tortor magna dapibus lectus, vitae semper metus enim eget arcu. Donec vel mauris arcu. Nulla convallis bibendum risus ut eleifend. Nam sed libero nec odio efficitur semper. Phasellus quis risus interdum, vehicula lectus nec, faucibus dui. Fusce sed ipsum nec odio vestibulum ornare. Class aptent taciti sociosqu ad litora torquent per conubia nostra, per inceptos himenaeos.\r\n\r\nFusce eros ex, malesuada in lorem ac, sodales accumsan nisi. Fusce ligula ligula, malesuada at tempor quis, varius suscipit magna. Fusce iaculis eros eu cursus tempus. Ut cursus sapien tortor, eget pellentesque nunc convallis quis. Nunc congue eleifend finibus. Phasellus egestas magna sed nunc lacinia gravida in eget lacus. Nunc dictum eleifend aliquet.\r\n\r\nMaecenas dictum arcu nulla, vel semper sem condimentum vitae. Integer dui nulla, lacinia nec auctor quis, convallis quis leo. Maecenas ultrices laoreet sem, eu feugiat arcu molestie viverra. Nulla aliquam mollis sapien sit amet aliquam. Maecenas rhoncus aliquet quam non lacinia. Nunc pulvinar at justo ut consectetur. Aliquam ut pretium lorem, ut iaculis nisi. Mauris auctor nulla sed ligula maximus facilisis. Fusce volutpat metus dolor, sit amet tempus dui dignissim at. Donec vitae nisl non quam cursus tincidunt non non massa. Duis eget sem malesuada dolor finibus mattis. Sed vestibulum feugiat posuere. Nunc justo mauris, tempus et tortor sit amet, venenatis volutpat eros. Vestibulum sed nunc et augue feugiat tempus maximus a risus.', '[\r\n  {\r\n    \"question\": \"Who directed the movie \'Jaws\'?\",\r\n    \"answers\": [\r\n      \"Steven Spielberg\",\r\n      \"Martin Scorsese\",\r\n      \"Alfred Hitchcock\",\r\n      \"Quentin Tarantino\"\r\n    ],\r\n    \"correctAnswerIndex\": 0\r\n  },\r\n  {\r\n    \"question\": \"Which movie won the Best Picture at the 2020 Oscars?\",\r\n    \"answers\": [\r\n      \"The Irishman\",\r\n      \"Marriage Story\",\r\n      \"Parasite\",\r\n      \"Joker\"\r\n    ],\r\n    \"correctAnswerIndex\": 2\r\n  },\r\n  {\r\n    \"question\": \"Who played the role of Tony Stark in the Marvel Cinematic Universe?\",\r\n    \"answers\": [\r\n      \"Robert Downey Jr.\",\r\n      \"Chris Evans\",\r\n      \"Tom Holland\",\r\n      \"Mark Ruffalo\"\r\n    ],\r\n    \"correctAnswerIndex\": 0\r\n  }\r\n]\r\n'),
(7, 'Test Title 7', 'Duis eleifend in odio sit amet vulputate. Pellentesque iaculis luctus ipsum scelerisque bibendum. Nullam laoreet eros id enim convallis scelerisque.', 'Computer Literacy', 'v_oZ9Pe0yRg', 'Duis eleifend in odio sit amet vulputate. Pellentesque iaculis luctus ipsum scelerisque bibendum. Nullam laoreet eros id enim convallis scelerisque. Aliquam venenatis, purus ac porttitor commodo, augue augue lacinia arcu, ut feugiat tortor metus sit amet odio. Etiam consectetur nisl congue rutrum tincidunt. In consectetur, sapien sed aliquet ultricies, nisl felis ornare felis, non lobortis elit nulla et nulla. Vestibulum venenatis tempus dui, in vehicula ligula luctus gravida.\r\n\r\nProin lobortis libero ac tortor ultrices tristique. Proin ut orci metus. Suspendisse cursus bibendum tincidunt. Aliquam vitae leo ante. Proin vestibulum sem a mattis ornare. Etiam ut ipsum eget nulla gravida facilisis. Donec eu sem erat. Nulla non enim nibh.\r\n\r\nInteger maximus consectetur orci quis scelerisque. Curabitur sit amet augue gravida, tempor ante sit amet, rhoncus erat. Cras sed nisl ut lorem aliquet volutpat et nec eros. Morbi et lacus ut risus semper imperdiet. In hac habitasse platea dictumst. Duis hendrerit tellus ac enim aliquam, ut elementum neque aliquet. Nunc pulvinar bibendum justo eu congue. Fusce consectetur venenatis urna, ut vestibulum diam viverra eget. Integer eu orci tempus, dapibus lorem id, ullamcorper erat. Cras nec gravida arcu. Fusce pretium id elit nec fringilla. Proin ante tellus, ultrices eget blandit in, dapibus id orci. Nam ac neque interdum, malesuada quam ut, ullamcorper elit. Integer a euismod elit.\r\n\r\nPraesent elementum quis velit in blandit. Pellentesque sed nunc ultrices, pulvinar mi vel, consectetur magna. Donec porta elementum mi, sit amet fermentum risus ultricies a. Cras sollicitudin est nisl, eu aliquam turpis elementum at. Donec ligula mi, rhoncus ac volutpat et, condimentum non diam. Nunc quis magna posuere, ultrices sapien nec, feugiat felis. Nullam in vehicula ipsum. Vestibulum vitae fermentum risus, et semper odio. Integer porta est egestas erat varius rhoncus. Duis erat velit, sodales blandit interdum sit amet, consequat at lorem.\r\n\r\nVestibulum massa est, consequat in erat eleifend, sollicitudin euismod lacus. Vestibulum hendrerit ipsum ligula, eget condimentum leo aliquam sit amet. Etiam libero lectus, luctus scelerisque mi eget, posuere interdum mi. Phasellus vel metus vel purus convallis accumsan. In rhoncus ac lectus in faucibus. Vestibulum commodo finibus pharetra. Pellentesque habitant morbi tristique senectus et netus et malesuada fames ac turpis egestas. Nullam posuere porttitor libero quis congue. Nulla id bibendum nibh. Vivamus lacinia eros sed bibendum feugiat. Proin eu risus lacinia, dapibus odio a, luctus diam. Nulla vel mattis lacus. Cras sit amet porta ante, et luctus metus. Ut ornare vitae mauris ut dapibus.', '[\r\n  {\r\n    \"question\": \"Who directed the movie \'Jaws\'?\",\r\n    \"answers\": [\r\n      \"Steven Spielberg\",\r\n      \"Martin Scorsese\",\r\n      \"Alfred Hitchcock\",\r\n      \"Quentin Tarantino\"\r\n    ],\r\n    \"correctAnswerIndex\": 0\r\n  },\r\n  {\r\n    \"question\": \"Which movie won the Best Picture at the 2020 Oscars?\",\r\n    \"answers\": [\r\n      \"The Irishman\",\r\n      \"Marriage Story\",\r\n      \"Parasite\",\r\n      \"Joker\"\r\n    ],\r\n    \"correctAnswerIndex\": 2\r\n  },\r\n  {\r\n    \"question\": \"Who played the role of Tony Stark in the Marvel Cinematic Universe?\",\r\n    \"answers\": [\r\n      \"Robert Downey Jr.\",\r\n      \"Chris Evans\",\r\n      \"Tom Holland\",\r\n      \"Mark Ruffalo\"\r\n    ],\r\n    \"correctAnswerIndex\": 0\r\n  }\r\n]\r\n'),
(8, 'Test Title 8', 'Vestibulum in aliquet ligula. Mauris vel nisi at augue vehicula bibendum. Quisque sagittis mi a consequat condimentum. Nullam quis turpis eros.', 'Computer Literacy', 'v_oZ9Pe0yRg', 'Vestibulum in aliquet ligula. Mauris vel nisi at augue vehicula bibendum. Quisque sagittis mi a consequat condimentum. Nullam quis turpis eros. Aenean at imperdiet odio, vitae eleifend quam. Orci varius natoque penatibus et magnis dis parturient montes, nascetur ridiculus mus. Vivamus faucibus semper egestas. Aenean aliquam, neque porttitor varius consectetur, magna massa lacinia mauris, ac pellentesque diam metus ac sem.\r\n\r\nMauris fermentum venenatis augue at maximus. Nam vel auctor tellus. Etiam accumsan imperdiet dui a lacinia. Etiam a egestas nisl. Nunc sodales mauris eget libero placerat faucibus. Nulla facilisi. Pellentesque a tempor felis, id fermentum eros. Nam nulla turpis, consequat ut massa sit amet, efficitur aliquam augue. Phasellus pulvinar justo sed velit sagittis, eget tempus justo tempor. Maecenas viverra urna orci, vel feugiat felis sollicitudin gravida. Vivamus leo neque, molestie non odio in, porttitor hendrerit sapien. Integer ipsum ex, mollis eget enim eu, pretium venenatis dui.\r\n\r\nDonec hendrerit ultrices sodales. Quisque placerat iaculis libero non tristique. Mauris sit amet ante a mauris elementum dapibus. Mauris maximus viverra maximus. Quisque pretium lorem eget enim gravida, ut ultrices nisi finibus. Phasellus luctus metus id facilisis convallis. Morbi vehicula hendrerit dui, non vehicula sapien efficitur sed.\r\n\r\nSed quis orci feugiat, pharetra lorem id, commodo mi. Lorem ipsum dolor sit amet, consectetur adipiscing elit. Aenean lorem libero, sodales id odio eu, placerat bibendum elit. Aenean eget nunc eros. Ut egestas neque velit, id vestibulum massa mollis in. Proin ultrices mattis vestibulum. Pellentesque eget ex purus. Phasellus sed risus libero.\r\n\r\nVivamus vel massa molestie, luctus ex quis, cursus lacus. Mauris in condimentum est, et iaculis massa. Mauris diam nulla, sodales vel nibh a, sollicitudin pharetra orci. Nulla facilisi. Aenean eget massa suscipit, sodales magna dictum, porta est. Etiam eget tortor at ex egestas faucibus. In fermentum massa sit amet tortor commodo, at convallis dolor semper. Fusce blandit libero nec vestibulum maximus. Praesent consequat, massa et vehicula lacinia, mauris lacus elementum quam, sed imperdiet erat magna ac justo. Mauris pulvinar hendrerit mollis. Pellentesque pretium tortor sit amet ex interdum hendrerit eu non justo. Mauris a tortor ultricies, condimentum enim sit amet, blandit justo. Nulla porttitor lectus non ex euismod, eget accumsan ligula aliquet. Ut est odio, malesuada a est ut, rhoncus porttitor tellus. Vivamus felis lectus, rhoncus at felis sit amet, facilisis dapibus massa. Integer ac purus at odio lobortis fermentum.', '[\r\n  {\r\n    \"question\": \"Who directed the movie \'Jaws\'?\",\r\n    \"answers\": [\r\n      \"Steven Spielberg\",\r\n      \"Martin Scorsese\",\r\n      \"Alfred Hitchcock\",\r\n      \"Quentin Tarantino\"\r\n    ],\r\n    \"correctAnswerIndex\": 0\r\n  },\r\n  {\r\n    \"question\": \"Which movie won the Best Picture at the 2020 Oscars?\",\r\n    \"answers\": [\r\n      \"The Irishman\",\r\n      \"Marriage Story\",\r\n      \"Parasite\",\r\n      \"Joker\"\r\n    ],\r\n    \"correctAnswerIndex\": 2\r\n  },\r\n  {\r\n    \"question\": \"Who played the role of Tony Stark in the Marvel Cinematic Universe?\",\r\n    \"answers\": [\r\n      \"Robert Downey Jr.\",\r\n      \"Chris Evans\",\r\n      \"Tom Holland\",\r\n      \"Mark Ruffalo\"\r\n    ],\r\n    \"correctAnswerIndex\": 0\r\n  }\r\n]\r\n'),
(9, 'Test Title 9', 'Nunc metus purus, pellentesque non turpis et, aliquet pretium risus. Vivamus est quam, congue non sollicitudin et, vestibulum ac lorem. In fringilla fermentum aliquam. Nullam maximus, libero at tincidunt posuere, quam nulla fermentum augue, eget laoreet nulla tellus non dolor. Cras ut lacinia ex.', 'Computer Literacy', 'v_oZ9Pe0yRg', 'Nunc metus purus, pellentesque non turpis et, aliquet pretium risus. Vivamus est quam, congue non sollicitudin et, vestibulum ac lorem. In fringilla fermentum aliquam. Nullam maximus, libero at tincidunt posuere, quam nulla fermentum augue, eget laoreet nulla tellus non dolor. Cras ut lacinia ex. Aliquam non mi id ipsum lobortis pulvinar. Sed efficitur congue eleifend. Vivamus a odio sed felis vehicula sollicitudin. Integer pulvinar malesuada sem sed commodo. Ut lorem enim, mollis vel faucibus id, pellentesque in urna. Quisque tempus augue a nisl fringilla luctus. Donec laoreet augue vitae metus tristique, sit amet commodo lacus pellentesque. Pellentesque habitant morbi tristique senectus et netus et malesuada fames ac turpis egestas. Nullam hendrerit id massa ac vehicula. Fusce suscipit, libero pulvinar imperdiet maximus, lorem velit condimentum orci, sit amet facilisis mi tellus ac arcu.\r\n\r\nPraesent interdum feugiat tellus vel congue. Etiam porttitor ligula ac orci malesuada suscipit. Nulla facilisi. In nisl turpis, molestie quis rhoncus id, pellentesque eget nisl. Vestibulum ante ipsum primis in faucibus orci luctus et ultrices posuere cubilia curae; Etiam aliquet luctus justo at ultricies. Vivamus at nisi nec augue fringilla luctus eget eget lorem. Vestibulum id nisl ut lectus consequat euismod. Etiam lacinia lorem tincidunt nunc condimentum, et varius sem tincidunt. Donec et lorem nec elit malesuada auctor vitae sit amet nunc.\r\n\r\nEtiam fermentum velit in iaculis posuere. In ullamcorper, velit non aliquam dapibus, turpis libero ornare odio, sed consequat diam leo sit amet risus. Phasellus scelerisque ultrices vehicula. Nulla sodales vehicula lorem eget blandit. Aliquam erat volutpat. Nunc porttitor turpis id dictum interdum. Morbi commodo ex non turpis feugiat, nec rutrum nibh laoreet. Ut eu urna erat. Nam posuere lectus a quam pellentesque, aliquet facilisis felis lacinia. Maecenas molestie hendrerit nulla. Cras gravida sit amet sapien at condimentum.\r\n\r\nProin est quam, pellentesque ut mattis quis, aliquet vitae tellus. Nullam a magna dictum, ornare velit in, interdum ex. Proin lacinia placerat gravida. Sed lorem libero, bibendum quis efficitur et, dignissim pharetra sem. Nunc sit amet nibh in dolor bibendum convallis. Pellentesque magna urna, feugiat nec ornare quis, aliquam a tortor. Nulla urna ligula, tincidunt eu enim at, luctus fermentum erat. Mauris mollis, purus id facilisis fringilla, est nulla vehicula neque, nec dictum justo ipsum sed justo. Praesent ornare sem placerat est semper ultrices. Suspendisse potenti. Cras odio urna, fermentum at hendrerit nec, sagittis eu justo. In hac habitasse platea dictumst.\r\n\r\nUt non lorem eget sem laoreet pretium. Praesent mauris neque, malesuada non ornare vitae, lacinia laoreet ligula. In consequat purus iaculis neque malesuada, vitae congue eros interdum. Pellentesque convallis orci et lorem pellentesque tincidunt. Curabitur vehicula, tellus id maximus rhoncus, justo lorem consectetur nisl, in congue ipsum nisl a erat. In hac habitasse platea dictumst. Aenean consectetur felis nibh, nec congue urna tincidunt et. Morbi rutrum, tortor consequat ultrices ornare, purus nulla euismod odio, ultricies congue orci leo non eros. Etiam quam lacus, imperdiet sed sem sed, dictum eleifend nisl.', '[\r\n  {\r\n    \"question\": \"Who directed the movie \'Jaws\'?\",\r\n    \"answers\": [\r\n      \"Steven Spielberg\",\r\n      \"Martin Scorsese\",\r\n      \"Alfred Hitchcock\",\r\n      \"Quentin Tarantino\"\r\n    ],\r\n    \"correctAnswerIndex\": 0\r\n  },\r\n  {\r\n    \"question\": \"Which movie won the Best Picture at the 2020 Oscars?\",\r\n    \"answers\": [\r\n      \"The Irishman\",\r\n      \"Marriage Story\",\r\n      \"Parasite\",\r\n      \"Joker\"\r\n    ],\r\n    \"correctAnswerIndex\": 2\r\n  },\r\n  {\r\n    \"question\": \"Who played the role of Tony Stark in the Marvel Cinematic Universe?\",\r\n    \"answers\": [\r\n      \"Robert Downey Jr.\",\r\n      \"Chris Evans\",\r\n      \"Tom Holland\",\r\n      \"Mark Ruffalo\"\r\n    ],\r\n    \"correctAnswerIndex\": 0\r\n  }\r\n]\r\n'),
(10, 'Test Title 10', 'Nunc pulvinar maximus tempor. Quisque sit amet quam turpis. Orci varius natoque penatibus et magnis dis parturient montes, nascetur ridiculus mus.', 'Computer Literacy, Programming', 'v_oZ9Pe0yRg', 'Nunc pulvinar maximus tempor. Quisque sit amet quam turpis. Orci varius natoque penatibus et magnis dis parturient montes, nascetur ridiculus mus. In dapibus risus eget turpis viverra, vitae placerat nisi imperdiet. Sed auctor augue sit amet augue congue, eu mattis turpis tincidunt. Mauris a magna eget orci dignissim facilisis. Quisque et odio risus. Maecenas ac cursus enim, in faucibus ligula.\r\n\r\nNunc vulputate, augue quis dignissim vestibulum, leo eros pretium odio, porttitor congue justo ipsum a massa. Proin leo lacus, scelerisque id est at, finibus vehicula neque. Interdum et malesuada fames ac ante ipsum primis in faucibus. Nam semper molestie lorem, laoreet tristique massa vehicula id. Etiam aliquet dolor ligula, eu venenatis dolor sodales id. Nunc pellentesque fermentum laoreet. Vestibulum mi felis, egestas a dui id, pellentesque eleifend dui. Integer pretium, erat a pharetra dictum, arcu lacus rhoncus orci, id mattis elit sem a velit. Vestibulum ante ipsum primis in faucibus orci luctus et ultrices posuere cubilia curae; Vivamus felis neque, venenatis id imperdiet eget, ultricies non lectus. Nunc condimentum libero dolor, eu facilisis erat condimentum nec.\r\n\r\nInteger tellus dolor, elementum quis ornare id, faucibus eget quam. Class aptent taciti sociosqu ad litora torquent per conubia nostra, per inceptos himenaeos. Maecenas at aliquam nisi, eget molestie mi. Praesent ante dui, sollicitudin vel mauris eleifend, tincidunt vestibulum nulla. Donec at ligula tempor, porttitor urna non, lobortis lorem. Ut sed tristique mauris, sed maximus est. Mauris eu risus ornare, mollis libero et, consequat dolor. Phasellus vel ipsum in massa facilisis rutrum. Proin convallis, lacus et semper cursus, metus leo ultrices metus, ac ultricies leo urna nec metus. In libero leo, commodo non nunc rutrum, ornare porta velit. In eu lorem malesuada, cursus est ut, commodo sem. Nunc accumsan malesuada aliquet. Phasellus pellentesque lorem sed eleifend gravida.\r\n\r\nAenean efficitur efficitur justo sit amet dictum. Quisque in justo nec mauris lacinia laoreet. Nunc risus arcu, auctor quis felis efficitur, sodales dictum odio. Quisque eu lectus lectus. Sed fermentum augue nunc, id laoreet elit ornare at. Donec tincidunt lectus turpis, laoreet pulvinar leo vestibulum vitae. Morbi non nibh tempus, lobortis dui eget, dictum massa. Aenean scelerisque efficitur ante in porttitor. Aenean placerat et risus ut ullamcorper. Curabitur laoreet tellus nec metus pharetra, non lobortis odio condimentum. Donec quis tortor id magna iaculis condimentum. Vestibulum dignissim eget massa a varius. Mauris eu semper neque.\r\n\r\nMorbi a erat dapibus, vulputate ipsum quis, congue lectus. Phasellus consequat neque sit amet metus mollis, a vulputate purus egestas. Praesent mollis quam vel turpis tempor tempus. Quisque egestas nulla urna, non porta dui suscipit in. Duis sit amet eros hendrerit, feugiat mi vitae, imperdiet ex. Curabitur luctus ex ligula, non malesuada quam efficitur eu. Ut pellentesque, diam non vestibulum cursus, ante dolor aliquet arcu, sed hendrerit nunc mi eget quam.', '[\r\n  {\r\n    \"question\": \"Who directed the movie \'Jaws\'?\",\r\n    \"answers\": [\r\n      \"Steven Spielberg\",\r\n      \"Martin Scorsese\",\r\n      \"Alfred Hitchcock\",\r\n      \"Quentin Tarantino\"\r\n    ],\r\n    \"correctAnswerIndex\": 0\r\n  },\r\n  {\r\n    \"question\": \"Which movie won the Best Picture at the 2020 Oscars?\",\r\n    \"answers\": [\r\n      \"The Irishman\",\r\n      \"Marriage Story\",\r\n      \"Parasite\",\r\n      \"Joker\"\r\n    ],\r\n    \"correctAnswerIndex\": 2\r\n  },\r\n  {\r\n    \"question\": \"Who played the role of Tony Stark in the Marvel Cinematic Universe?\",\r\n    \"answers\": [\r\n      \"Robert Downey Jr.\",\r\n      \"Chris Evans\",\r\n      \"Tom Holland\",\r\n      \"Mark Ruffalo\"\r\n    ],\r\n    \"correctAnswerIndex\": 0\r\n  }\r\n]\r\n'),
(11, 'Test Title 11', 'Pellentesque eget risus lorem. Vivamus elementum odio volutpat suscipit scelerisque.', 'Computer Literacy, Science', 'v_oZ9Pe0yRg', 'Pellentesque eget risus lorem. Vivamus elementum odio volutpat suscipit scelerisque. Pellentesque tincidunt enim neque, eu cursus est mattis sed. Class aptent taciti sociosqu ad litora torquent per conubia nostra, per inceptos himenaeos. Duis consectetur ligula sed lectus interdum, in tempus ipsum tincidunt. Nam a sapien quis nisl tristique varius. Mauris sit amet sollicitudin arcu, sit amet tempus mi. Phasellus maximus placerat arcu, eu euismod ligula. Sed quis pretium nibh, pellentesque malesuada justo. Pellentesque quis quam consequat, mattis leo et, porta lacus. Nullam imperdiet, justo sit amet congue sollicitudin, nulla arcu luctus augue, et auctor felis felis eget leo.\r\n\r\nMorbi venenatis neque vitae leo aliquam, id feugiat urna porta. Nunc egestas viverra elit, et condimentum dolor interdum in. Donec eu arcu in ipsum condimentum blandit. Aliquam erat volutpat. Phasellus ut lacus molestie, posuere ligula sit amet, maximus nunc. Ut nec elementum dui, at porta dui. Praesent lacinia lacinia sollicitudin. Nulla fermentum nunc et purus pulvinar, eu faucibus dui dapibus. Curabitur accumsan, elit id pulvinar facilisis, ex mi semper nisi, sit amet lobortis massa turpis quis erat.\r\n\r\nIn sagittis, leo vitae tristique semper, tellus est lobortis tortor, in semper elit felis congue enim. Aliquam turpis urna, tristique id volutpat consectetur, efficitur vitae neque. Mauris quam lorem, facilisis sed risus ultricies, euismod iaculis ligula. Quisque sed magna magna. Vestibulum eget faucibus mauris. Fusce nec consectetur ipsum. Suspendisse neque sem, hendrerit sit amet congue sit amet, pellentesque in augue. Orci varius natoque penatibus et magnis dis parturient montes, nascetur ridiculus mus. Maecenas scelerisque elementum risus fermentum volutpat.\r\n\r\nMorbi arcu urna, blandit vitae pellentesque in, dapibus eget tellus. Nam sollicitudin vehicula elit nec ullamcorper. Morbi egestas justo urna, vitae commodo massa lobortis fringilla. Quisque sagittis sapien hendrerit, pulvinar metus at, venenatis eros. Nunc placerat ac magna viverra scelerisque. Curabitur rhoncus libero velit, vel porta tellus finibus nec. Quisque mi mi, vestibulum vel ligula eget, malesuada fermentum dolor. Fusce posuere enim at tortor mattis mattis vitae laoreet est. Curabitur eget libero sit amet enim dapibus molestie. Nulla ut arcu tellus. Mauris ut nisl velit. Nunc commodo dictum nisi quis fringilla.\r\n\r\nDonec dapibus nisi ante, in pulvinar urna aliquet ac. Quisque et placerat mi. Suspendisse molestie consectetur quam, et elementum quam semper non. Nullam fermentum magna eu ipsum ullamcorper aliquet. Pellentesque habitant morbi tristique senectus et netus et malesuada fames ac turpis egestas. Sed dignissim at justo a tempor. Sed at gravida sapien. Lorem ipsum dolor sit amet, consectetur adipiscing elit. Vestibulum accumsan sollicitudin bibendum. Proin et iaculis ipsum. Curabitur lectus quam, maximus eget massa sed, varius fringilla urna. Nunc maximus, tellus quis ullamcorper pharetra, magna mauris tempor velit, eget faucibus mi sem id felis. Sed vel nisl ac sapien sollicitudin luctus vel eget arcu.', '[\r\n  {\r\n    \"question\": \"Who directed the movie \'Jaws\'?\",\r\n    \"answers\": [\r\n      \"Steven Spielberg\",\r\n      \"Martin Scorsese\",\r\n      \"Alfred Hitchcock\",\r\n      \"Quentin Tarantino\"\r\n    ],\r\n    \"correctAnswerIndex\": 0\r\n  },\r\n  {\r\n    \"question\": \"Which movie won the Best Picture at the 2020 Oscars?\",\r\n    \"answers\": [\r\n      \"The Irishman\",\r\n      \"Marriage Story\",\r\n      \"Parasite\",\r\n      \"Joker\"\r\n    ],\r\n    \"correctAnswerIndex\": 2\r\n  },\r\n  {\r\n    \"question\": \"Who played the role of Tony Stark in the Marvel Cinematic Universe?\",\r\n    \"answers\": [\r\n      \"Robert Downey Jr.\",\r\n      \"Chris Evans\",\r\n      \"Tom Holland\",\r\n      \"Mark Ruffalo\"\r\n    ],\r\n    \"correctAnswerIndex\": 0\r\n  }\r\n]\r\n'),
(12, 'Test Title 12', 'Vivamus purus ipsum, blandit at lacinia sit amet, dignissim quis nibh. Vivamus nec sagittis ipsum, vel sollicitudin metus.', 'Computer Literacy, IT', 'v_oZ9Pe0yRg', 'Vivamus purus ipsum, blandit at lacinia sit amet, dignissim quis nibh. Vivamus nec sagittis ipsum, vel sollicitudin metus. Proin semper, ante at pharetra tempus, tortor sapien pretium ex, at vulputate eros ante eget eros. Pellentesque porta sapien felis, eget interdum lacus mattis et. Duis quis dictum erat. Etiam et commodo metus. Aliquam erat volutpat. Praesent volutpat vitae nisl sed rhoncus. Praesent lacus lacus, pretium sit amet quam quis, molestie interdum eros.\r\n\r\nCras rhoncus, nibh quis pulvinar pretium, purus sapien gravida diam, sit amet pulvinar nisl lacus dignissim augue. In ultrices nunc id varius efficitur. Cras quam eros, iaculis eu dolor vel, mattis consequat ligula. Aenean mollis, massa volutpat accumsan suscipit, diam purus semper elit, vitae consectetur velit tellus et sem. Nunc tempor congue mi. Quisque sed euismod elit. Vestibulum ante ipsum primis in faucibus orci luctus et ultrices posuere cubilia curae; Vestibulum nec eros nec neque tristique scelerisque nec quis neque. Curabitur vel eros urna. Curabitur sed ipsum rhoncus, dictum mi eget, varius mi.\r\n\r\nSed ornare non nibh id aliquam. Ut eget mauris nibh. Curabitur pharetra libero eget maximus porta. Cras sem urna, tempor et condimentum scelerisque, vestibulum et arcu. Duis ut feugiat ex. Phasellus consequat odio eros. Maecenas sit amet sapien tincidunt, convallis lectus ut, condimentum purus. Cras suscipit sagittis euismod. Sed sit amet accumsan augue, in lobortis nunc. Quisque ut turpis luctus, eleifend lorem maximus, porttitor felis. Nunc bibendum, augue vel molestie fringilla, felis tortor sollicitudin ipsum, blandit vehicula turpis ipsum ut felis. Maecenas condimentum sagittis metus vel elementum. Donec interdum vestibulum massa placerat mollis. Sed sagittis neque at sagittis congue. Nam sed erat sapien.\r\n\r\nAenean sed ex suscipit, feugiat mauris aliquet, mattis leo. In faucibus eu odio et vehicula. Aliquam erat volutpat. Proin dapibus ipsum sed lacus accumsan, efficitur ultrices orci tempus. Nam metus velit, tempus at sodales auctor, fringilla a est. Duis dapibus eros sit amet erat laoreet, at lobortis massa posuere. Morbi et auctor nunc, vel placerat tellus. Donec fermentum urna sed leo vestibulum bibendum. Integer eget facilisis velit. Duis vulputate, eros id ullamcorper aliquam, mauris justo tempor felis, bibendum tristique dolor augue ac metus. Nam fermentum, risus ac facilisis ullamcorper, orci leo venenatis purus, vel elementum ipsum diam sed tortor. Phasellus rhoncus velit enim, non tristique magna venenatis eleifend. Ut tempor, turpis et semper dapibus, erat lacus sollicitudin arcu, eget egestas purus libero sit amet ex. Vestibulum at consequat quam, finibus euismod diam.\r\n\r\nNullam ac suscipit dolor. Sed ut interdum nulla. Phasellus vitae nulla tempor, iaculis magna id, lacinia odio. In sed sem eros. Aenean et velit eros. Aenean pretium id nisl vitae tempor. Etiam imperdiet venenatis eleifend. In hac habitasse platea dictumst. Ut rutrum justo sit amet metus fermentum blandit. Donec in purus ligula.', '[\r\n  {\r\n    \"question\": \"Who directed the movie \'Jaws\'?\",\r\n    \"answers\": [\r\n      \"Steven Spielberg\",\r\n      \"Martin Scorsese\",\r\n      \"Alfred Hitchcock\",\r\n      \"Quentin Tarantino\"\r\n    ],\r\n    \"correctAnswerIndex\": 0\r\n  },\r\n  {\r\n    \"question\": \"Which movie won the Best Picture at the 2020 Oscars?\",\r\n    \"answers\": [\r\n      \"The Irishman\",\r\n      \"Marriage Story\",\r\n      \"Parasite\",\r\n      \"Joker\"\r\n    ],\r\n    \"correctAnswerIndex\": 2\r\n  },\r\n  {\r\n    \"question\": \"Who played the role of Tony Stark in the Marvel Cinematic Universe?\",\r\n    \"answers\": [\r\n      \"Robert Downey Jr.\",\r\n      \"Chris Evans\",\r\n      \"Tom Holland\",\r\n      \"Mark Ruffalo\"\r\n    ],\r\n    \"correctAnswerIndex\": 0\r\n  }\r\n]\r\n');

-- --------------------------------------------------------

--
-- Table structure for table `assigned_articles`
--

CREATE TABLE `assigned_articles` (
  `userId` int(11) NOT NULL,
  `articleId` int(11) NOT NULL,
  `due_date` date DEFAULT NULL,
  `completed` tinyint(1) DEFAULT NULL
) ENGINE=MyISAM DEFAULT CHARSET=latin1;

--
-- Dumping data for table `assigned_articles`
--

INSERT INTO `assigned_articles` (`userId`, `articleId`, `due_date`, `completed`) VALUES
(4, 1, '2023-03-23', 0),
(3, 1, '2023-03-23', 1),
(1, 1, '2023-03-23', 1),
(1, 2, '2023-03-24', 0),
(3, 2, '2023-03-24', 1),
(4, 2, '2023-03-24', 0),
(9, 2, '2023-03-24', 0),
(9, 1, '2023-03-24', 0),
(1, 3, '2023-09-30', 0),
(3, 3, '2023-04-30', 1),
(4, 3, '2023-04-30', 0),
(9, 3, '2023-04-30', 0),
(1, 4, '2023-10-07', 0),
(3, 4, '2023-04-30', 1),
(4, 4, '2023-04-30', 0),
(9, 4, '2023-04-30', 0),
(1, 8, '2023-10-08', 0),
(3, 8, '2023-10-08', 0),
(4, 8, '2023-10-08', 0),
(9, 8, '2023-10-08', 0),
(1, 11, '2023-10-08', 1),
(3, 11, '2023-10-08', 0),
(4, 11, '2023-10-08', 0),
(9, 11, '2023-10-08', 0);

-- --------------------------------------------------------

--
-- Table structure for table `users`
--

CREATE TABLE `users` (
  `userId` int(11) NOT NULL,
  `email` varchar(255) NOT NULL,
  `username` varchar(64) NOT NULL,
  `password` varchar(64) NOT NULL,
  `job_title` varchar(64) NOT NULL DEFAULT 'unassigned'
) ENGINE=MyISAM DEFAULT CHARSET=latin1;

--
-- Dumping data for table `users`
--

INSERT INTO `users` (`userId`, `email`, `username`, `password`, `job_title`) VALUES
(1, 'test1@email.com', 'testUsername1', 'testP@ssword1', 'intern'),
(2, 'mrtestuser@gmail.com', 'mrtestuser123', 'mypassword45', 'full-time'),
(3, 'testtest@test.com', 'testtest', 'testtest2', 'intern'),
(4, 'jwtest@gmail.com', 'jwtest', 'test4', 'intern'),
(5, 'test@gmail.com', 'tesyuser', 'testpassword', 'full-time'),
(6, 'j.ward26@uni.brighton.ac.uk', 'j.ward26', 'password', 'admin'),
(9, 'newuser1@gmai.com', 'newuser1', 'password2', 'intern'),
(10, 'newuser2@gmail.com', 'newuser2', 'password1', 'unassigned'),
(15, 'jakewardspam@gmail.com', 'jwspam', 'spam1', 'unassigned'),
(16, 'newuser3@gmail.com', 'newuser3', 'Passw@rd3', 'unassigned'),
(18, 'jakewardspam1@gmail.com', 'jwspam1', 'Sp@m11', 'unassigned'),
(19, 'fakeemail@gmail.com', 'temap55', 'testtest1@H', 'unassigned');

--
-- Indexes for dumped tables
--

--
-- Indexes for table `articles`
--
ALTER TABLE `articles`
  ADD PRIMARY KEY (`articleId`);

--
-- Indexes for table `assigned_articles`
--
ALTER TABLE `assigned_articles`
  ADD PRIMARY KEY (`userId`,`articleId`),
  ADD KEY `articleId` (`articleId`);

--
-- Indexes for table `users`
--
ALTER TABLE `users`
  ADD PRIMARY KEY (`userId`),
  ADD UNIQUE KEY `email` (`email`),
  ADD UNIQUE KEY `username` (`username`);

--
-- AUTO_INCREMENT for dumped tables
--

--
-- AUTO_INCREMENT for table `articles`
--
ALTER TABLE `articles`
  MODIFY `articleId` int(11) NOT NULL AUTO_INCREMENT, AUTO_INCREMENT=13;

--
-- AUTO_INCREMENT for table `users`
--
ALTER TABLE `users`
  MODIFY `userId` int(11) NOT NULL AUTO_INCREMENT, AUTO_INCREMENT=20;
COMMIT;

/*!40101 SET CHARACTER_SET_CLIENT=@OLD_CHARACTER_SET_CLIENT */;
/*!40101 SET CHARACTER_SET_RESULTS=@OLD_CHARACTER_SET_RESULTS */;
/*!40101 SET COLLATION_CONNECTION=@OLD_COLLATION_CONNECTION */;
